N,time_s,n_motifs,n_instances
500,0.003931760787963867,57,929
1000,0.007766008377075195,59,1917
2000,0.018200159072875977,59,3872
3000,0.030689001083374023,59,5830
5000,0.07143306732177734,60,9771
