DELTA,time_s,n_motifs,n_instances
1800,0.04220294952392578,60,7519
3600,0.031445980072021484,60,8112
21600,0.06282210350036621,60,9241
43200,0.05377674102783203,60,9593
86400,0.07662105560302734,60,9771
