DELTA,time_s,n_motifs,n_instances
1800,0.027102231979370117,60,7519
3600,0.04860401153564453,60,8112
21600,0.04828524589538574,60,9241
43200,0.07035398483276367,60,9593
86400,0.06098294258117676,60,9771
